{
  "plan_version": "v2_ratio_compliance_repair",
  "generation_id": "ratio_controlled_song_v2",
  "duration_seconds": 120.0,
  "bpm": 108,
  "controls": {
    "golden_section_0_618": {
      "target": 0.61803398875,
      "tolerance": 0.08,
      "confidence": 0.82
    },
    "3:2": {
      "target": 1.5,
      "tolerance": 0.08,
      "confidence": 0.82
    },
    "5:3": {
      "target": 1.6666666666666667,
      "tolerance": 0.08,
      "confidence": 0.8
    },
    "5:4": {
      "target": 1.25,
      "tolerance": 0.08,
      "confidence": 0.8
    },
    "8:5": {
      "target": 1.6,
      "tolerance": 0.1,
      "confidence": 0.78
    }
  },
  "pre_generation_plan": {
    "duration": {
      "target_seconds": 120.0,
      "target_beats": 216.0
    },
    "section_boundaries_seconds": [
      0.0,
      28.32,
      45.84,
      74.164,
      120.0
    ],
    "golden_climax_ts": 74.164079,
    "phrase_grid": {
      "long_phrase_beats": 6,
      "short_phrase_beats": 4,
      "target_ratio": 1.5,
      "long_phrase_seconds": 3.333333,
      "short_phrase_seconds": 2.222222,
      "phrase_boundaries_seconds": [
        0.0,
        3.333333,
        5.555556,
        8.888889,
        11.111111,
        14.444444,
        16.666667,
        20.0,
        22.222222,
        25.555556,
        27.777778,
        31.111111,
        33.333333,
        36.666667,
        38.888889,
        42.222222,
        44.444444,
        47.777778,
        50.0,
        53.333333,
        55.555556,
        58.888889,
        61.111111,
        64.444444,
        66.666667,
        70.0,
        72.222222,
        75.555556,
        77.777778,
        81.111111,
        83.333333,
        86.666667,
        88.888889,
        92.222222,
        94.444444,
        97.777778,
        100.0,
        103.333333,
        105.555556,
        108.888889,
        111.111111,
        114.444444,
        116.666667,
        120.0
      ]
    },
    "rhythm_cell_ratios": {
      "target_ratio": 1.6666666666666667,
      "long_cell_subdivisions": 5,
      "short_cell_subdivisions": 3,
      "cell_seconds": {
        "long": 0.694444,
        "short": 0.416667
      }
    },
    "chord_timing": {
      "target_ratio": 1.6666666666666667,
      "long_chord_beats": 5,
      "short_chord_beats": 3,
      "cycle_roots": [
        48,
        50,
        53,
        55,
        57,
        53,
        50,
        48
      ]
    },
    "density_curve": {
      "target_ratio": 1.6,
      "peak_window_start": 71.941857,
      "peak_window_end": 76.386301,
      "pre_peak_notes_per_phrase": 9,
      "peak_notes_per_phrase": 16,
      "post_peak_notes_per_phrase": 10
    },
    "motif_recurrence": {
      "cell": [
        0,
        2,
        4,
        7
      ],
      "target_repeats_per_phrase": 2,
      "variation_every_n_phrases": 3
    },
    "interval_voicing_targets": {
      "target_ratio": 1.25,
      "step_size_max_semitones": 2,
      "leap_size_min_semitones": 3,
      "target_step_to_leap_ratio": 1.25
    }
  }
}
